message_id,conversation_id,confidence,timestamp,model
msg_0,12,0.8757699643257015,2025-03-21T15:56:12.251214,deepseekv3
msg_1,1,0.9977563196155991,2025-03-21T15:56:12.251479,deepseekv3
msg_2,16,0.9658418115262614,2025-03-21T15:56:12.251651,deepseekv3
msg_3,19,0.8646376005699705,2025-03-21T15:56:12.251771,deepseekv3
msg_4,19,0.9874541334362767,2025-03-21T15:56:12.251838,deepseekv3
msg_5,6,0.930022281983133,2025-03-21T15:56:12.251898,deepseekv3
msg_6,6,0.8549701167829474,2025-03-21T15:56:12.251958,deepseekv3
msg_7,9,0.9769973229837103,2025-03-21T15:56:12.252028,deepseekv3
msg_8,11,0.9675560464330708,2025-03-21T15:56:12.252084,deepseekv3
msg_9,18,0.9197764665917589,2025-03-21T15:56:12.252138,deepseekv3
msg_10,4,0.8923576754167608,2025-03-21T15:56:12.252192,deepseekv3
msg_11,17,0.8684879877311643,2025-03-21T15:56:12.252246,deepseekv3
msg_12,16,0.9219196625438513,2025-03-21T15:56:12.252299,deepseekv3
msg_13,8,0.9758859750211384,2025-03-21T15:56:12.252362,deepseekv3
msg_14,15,0.9900553768398234,2025-03-21T15:56:12.252476,deepseekv3
msg_15,14,0.9586390071491606,2025-03-21T15:56:12.252546,deepseekv3
msg_16,12,0.8887359368876011,2025-03-21T15:56:12.252608,deepseekv3
msg_17,19,0.9813713722788803,2025-03-21T15:56:12.252687,deepseekv3
msg_18,16,0.9717527139595159,2025-03-21T15:56:12.252744,deepseekv3
msg_19,1,0.9109421189839038,2025-03-21T15:56:12.252806,deepseekv3
msg_20,5,0.9600778471842629,2025-03-21T15:56:12.252867,deepseekv3
msg_21,11,0.8878867427589998,2025-03-21T15:56:12.252922,deepseekv3
msg_22,8,0.9671419199247688,2025-03-21T15:56:12.252998,deepseekv3
msg_23,17,0.9343371059306873,2025-03-21T15:56:12.253058,deepseekv3
msg_24,0,0.9003238438642099,2025-03-21T15:56:12.253113,deepseekv3
msg_25,5,0.9195010241100892,2025-03-21T15:56:12.253184,deepseekv3
msg_26,11,0.9163096776028158,2025-03-21T15:56:12.253262,deepseekv3
msg_27,13,0.8526408385889096,2025-03-21T15:56:12.253372,deepseekv3
msg_28,16,0.9869725797995557,2025-03-21T15:56:12.253468,deepseekv3
msg_29,14,0.870898053984213,2025-03-21T15:56:12.253540,deepseekv3
msg_30,13,0.9994912708687829,2025-03-21T15:56:12.253595,deepseekv3
msg_31,4,0.9257488293645009,2025-03-21T15:56:12.253646,deepseekv3
msg_32,5,0.8906130876677831,2025-03-21T15:56:12.253698,deepseekv3
msg_33,19,0.8661924739624897,2025-03-21T15:56:12.253748,deepseekv3
msg_34,0,0.954903440839633,2025-03-21T15:56:12.253798,deepseekv3
msg_35,15,0.9121945837637829,2025-03-21T15:56:12.253849,deepseekv3
msg_36,12,0.9798149220178338,2025-03-21T15:56:12.253899,deepseekv3
msg_37,1,0.9945681550429749,2025-03-21T15:56:12.253972,deepseekv3
msg_38,11,0.869788041203186,2025-03-21T15:56:12.254063,deepseekv3
msg_39,17,0.8685085328595359,2025-03-21T15:56:12.254152,deepseekv3
msg_40,12,0.9857744356499822,2025-03-21T15:56:12.254219,deepseekv3
msg_41,5,0.9640610324929695,2025-03-21T15:56:12.254291,deepseekv3
msg_42,13,0.9001112373058158,2025-03-21T15:56:12.254343,deepseekv3
msg_43,10,0.9472368547936231,2025-03-21T15:56:12.254422,deepseekv3
msg_44,14,0.9523436145809684,2025-03-21T15:56:12.254480,deepseekv3
msg_45,7,0.9632709437903122,2025-03-21T15:56:12.254531,deepseekv3
msg_46,5,0.9970708077200365,2025-03-21T15:56:12.254585,deepseekv3
msg_47,18,0.9051378317978864,2025-03-21T15:56:12.254661,deepseekv3
msg_48,4,0.934619795999913,2025-03-21T15:56:12.254716,deepseekv3
msg_49,11,0.8822356860583761,2025-03-21T15:56:12.254768,deepseekv3
msg_50,5,0.8530451198763941,2025-03-21T15:56:12.254821,deepseekv3
msg_51,4,0.9328112784333522,2025-03-21T15:56:12.254872,deepseekv3
msg_52,8,0.9900887721501199,2025-03-21T15:56:12.254923,deepseekv3
msg_53,16,0.97729663110491,2025-03-21T15:56:12.254979,deepseekv3
msg_54,16,0.8610032052858893,2025-03-21T15:56:12.255031,deepseekv3
msg_55,12,0.9925026643130306,2025-03-21T15:56:12.255083,deepseekv3
msg_56,15,0.9760092416168528,2025-03-21T15:56:12.255136,deepseekv3
msg_57,19,0.9104692809971057,2025-03-21T15:56:12.255190,deepseekv3
msg_58,13,0.9483158874403083,2025-03-21T15:56:12.255241,deepseekv3
msg_59,2,0.9077524853264151,2025-03-21T15:56:12.255292,deepseekv3
msg_60,10,0.9324552463983322,2025-03-21T15:56:12.255343,deepseekv3
msg_61,10,0.8999320893428345,2025-03-21T15:56:12.255401,deepseekv3
msg_62,10,0.9691618415123301,2025-03-21T15:56:12.255454,deepseekv3
msg_63,15,0.9180567312718607,2025-03-21T15:56:12.255505,deepseekv3
msg_64,18,0.8865853795700465,2025-03-21T15:56:12.255556,deepseekv3
msg_65,10,0.9363486674206151,2025-03-21T15:56:12.255608,deepseekv3
msg_66,11,0.8799709944975271,2025-03-21T15:56:12.255659,deepseekv3
msg_67,5,0.9361079300558164,2025-03-21T15:56:12.255710,deepseekv3
msg_68,7,0.9963768122138925,2025-03-21T15:56:12.255761,deepseekv3
msg_69,15,0.8559806749642835,2025-03-21T15:56:12.255812,deepseekv3
msg_70,12,0.8809728605462727,2025-03-21T15:56:12.255864,deepseekv3
msg_71,10,0.9710306066112175,2025-03-21T15:56:12.255915,deepseekv3
msg_72,4,0.9218750679452814,2025-03-21T15:56:12.255971,deepseekv3
msg_73,8,0.8819814464052906,2025-03-21T15:56:12.256024,deepseekv3
msg_74,13,0.9796252840901332,2025-03-21T15:56:12.256076,deepseekv3
msg_75,1,0.8767958225264147,2025-03-21T15:56:12.256129,deepseekv3
msg_76,9,0.9338546489430698,2025-03-21T15:56:12.256180,deepseekv3
msg_77,7,0.8645929315288463,2025-03-21T15:56:12.256233,deepseekv3
msg_78,11,0.9199827164026017,2025-03-21T15:56:12.256285,deepseekv3
msg_79,19,0.8680565460292378,2025-03-21T15:56:12.256336,deepseekv3
msg_80,10,0.9123219740845732,2025-03-21T15:56:12.256393,deepseekv3
msg_81,7,0.9934981593383073,2025-03-21T15:56:12.256447,deepseekv3
msg_82,19,0.9586122329879723,2025-03-21T15:56:12.256498,deepseekv3
msg_83,18,0.8619692796313531,2025-03-21T15:56:12.256548,deepseekv3
msg_84,4,0.9303535605261875,2025-03-21T15:56:12.256600,deepseekv3
msg_85,1,0.9334602202255723,2025-03-21T15:56:12.256650,deepseekv3
msg_86,18,0.9200502925963739,2025-03-21T15:56:12.256701,deepseekv3
msg_87,14,0.9410591448975496,2025-03-21T15:56:12.256753,deepseekv3
msg_88,9,0.8712566501504361,2025-03-21T15:56:12.256803,deepseekv3
msg_89,13,0.9318676860999688,2025-03-21T15:56:12.256854,deepseekv3
msg_90,7,0.8786389696813034,2025-03-21T15:56:12.256905,deepseekv3
msg_91,17,0.8656262700187567,2025-03-21T15:56:12.256956,deepseekv3
msg_92,16,0.8995184037719652,2025-03-21T15:56:12.257008,deepseekv3
msg_93,11,0.9832060275942505,2025-03-21T15:56:12.257060,deepseekv3
msg_94,8,0.8673997959922342,2025-03-21T15:56:12.257112,deepseekv3
msg_95,14,0.8881455912090361,2025-03-21T15:56:12.257163,deepseekv3
msg_96,3,0.9181972080374732,2025-03-21T15:56:12.257213,deepseekv3
msg_97,5,0.953919626171145,2025-03-21T15:56:12.257264,deepseekv3
msg_98,12,0.950380003547756,2025-03-21T15:56:12.257315,deepseekv3
msg_99,19,0.9450200171767282,2025-03-21T15:56:12.257366,deepseekv3
msg_100,15,0.9241470403357946,2025-03-21T15:56:12.259234,deepseekv3
msg_101,19,0.8856450013511309,2025-03-21T15:56:12.259317,deepseekv3
msg_102,18,0.980902556895794,2025-03-21T15:56:12.259391,deepseekv3
msg_103,11,0.9419023420151779,2025-03-21T15:56:12.259451,deepseekv3
msg_104,3,0.9617470281200035,2025-03-21T15:56:12.259507,deepseekv3
msg_105,14,0.9785875040625642,2025-03-21T15:56:12.259562,deepseekv3
msg_106,19,0.9187579901532636,2025-03-21T15:56:12.259617,deepseekv3
msg_107,5,0.9696083281948478,2025-03-21T15:56:12.259670,deepseekv3
msg_108,0,0.9683650218285053,2025-03-21T15:56:12.259723,deepseekv3
msg_109,17,0.9052872705862978,2025-03-21T15:56:12.259774,deepseekv3
msg_110,11,0.8918777484315312,2025-03-21T15:56:12.259827,deepseekv3
msg_111,8,0.8680739383574337,2025-03-21T15:56:12.259879,deepseekv3
msg_112,1,0.9509091796655147,2025-03-21T15:56:12.259932,deepseekv3
msg_113,2,0.9333168997246793,2025-03-21T15:56:12.259983,deepseekv3
msg_114,12,0.9575936931402816,2025-03-21T15:56:12.260035,deepseekv3
msg_115,13,0.9749676942389822,2025-03-21T15:56:12.260086,deepseekv3
msg_116,14,0.9590343178409828,2025-03-21T15:56:12.260138,deepseekv3
msg_117,3,0.907038784050573,2025-03-21T15:56:12.260197,deepseekv3
msg_118,9,0.989474700454056,2025-03-21T15:56:12.260251,deepseekv3
msg_119,13,0.9294076573929023,2025-03-21T15:56:12.260303,deepseekv3
msg_120,2,0.8685084561815442,2025-03-21T15:56:12.260358,deepseekv3
msg_121,7,0.9671630495722437,2025-03-21T15:56:12.260421,deepseekv3
msg_122,9,0.970123059550034,2025-03-21T15:56:12.260499,deepseekv3
msg_123,15,0.9925071158047966,2025-03-21T15:56:12.260560,deepseekv3
msg_124,2,0.9550786016498982,2025-03-21T15:56:12.260613,deepseekv3
msg_125,12,0.9706129522279037,2025-03-21T15:56:12.260665,deepseekv3
msg_126,18,0.9720301574018361,2025-03-21T15:56:12.260716,deepseekv3
msg_127,11,0.8936191836807925,2025-03-21T15:56:12.260768,deepseekv3
msg_128,11,0.9472985323230586,2025-03-21T15:56:12.260820,deepseekv3
msg_129,13,0.9505329769489834,2025-03-21T15:56:12.260872,deepseekv3
msg_130,14,0.8870623352426072,2025-03-21T15:56:12.260923,deepseekv3
msg_131,7,0.9910480814938389,2025-03-21T15:56:12.260974,deepseekv3
msg_132,4,0.9415274274299905,2025-03-21T15:56:12.261026,deepseekv3
msg_133,11,0.8632266882435181,2025-03-21T15:56:12.261077,deepseekv3
msg_134,10,0.8672459566590719,2025-03-21T15:56:12.261128,deepseekv3
msg_135,5,0.9852231877263474,2025-03-21T15:56:12.261180,deepseekv3
msg_136,9,0.888117060680652,2025-03-21T15:56:12.261231,deepseekv3
msg_137,13,0.9336530241298004,2025-03-21T15:56:12.261282,deepseekv3
msg_138,17,0.9898010263064649,2025-03-21T15:56:12.261333,deepseekv3
msg_139,19,0.8610818373015743,2025-03-21T15:56:12.261386,deepseekv3
msg_140,18,0.9860934118009299,2025-03-21T15:56:12.261437,deepseekv3
msg_141,14,0.8765122624562132,2025-03-21T15:56:12.261489,deepseekv3
msg_142,7,0.8653143263032578,2025-03-21T15:56:12.261540,deepseekv3
msg_143,5,0.9252992556058036,2025-03-21T15:56:12.261591,deepseekv3
msg_144,1,0.8673370954084737,2025-03-21T15:56:12.261643,deepseekv3
msg_145,15,0.9243304332685163,2025-03-21T15:56:12.261693,deepseekv3
msg_146,15,0.8750988202020155,2025-03-21T15:56:12.261744,deepseekv3
msg_147,13,0.9500699366986781,2025-03-21T15:56:12.261795,deepseekv3
msg_148,7,0.9141559408415787,2025-03-21T15:56:12.261845,deepseekv3
msg_149,10,0.9830873443827668,2025-03-21T15:56:12.261896,deepseekv3
msg_150,4,0.905830366680142,2025-03-21T15:56:12.261947,deepseekv3
msg_151,6,0.8670894375985415,2025-03-21T15:56:12.261998,deepseekv3
msg_152,10,0.9021933412991875,2025-03-21T15:56:12.262049,deepseekv3
msg_153,5,0.9458990884850162,2025-03-21T15:56:12.262100,deepseekv3
msg_154,6,0.8562646571812355,2025-03-21T15:56:12.262157,deepseekv3
msg_155,14,0.9585937010479213,2025-03-21T15:56:12.262210,deepseekv3
msg_156,0,0.9973075184133795,2025-03-21T15:56:12.262262,deepseekv3
msg_157,15,0.9967930266403366,2025-03-21T15:56:12.262313,deepseekv3
msg_158,5,0.8811800721994251,2025-03-21T15:56:12.262365,deepseekv3
msg_159,0,0.9953705123988061,2025-03-21T15:56:12.262418,deepseekv3
msg_160,16,0.9139374991827176,2025-03-21T15:56:12.262469,deepseekv3
msg_161,7,0.9618123936788561,2025-03-21T15:56:12.262520,deepseekv3
msg_162,2,0.9711933275844286,2025-03-21T15:56:12.262572,deepseekv3
msg_163,3,0.903019609350285,2025-03-21T15:56:12.262623,deepseekv3
msg_164,15,0.9415697507929878,2025-03-21T15:56:12.262674,deepseekv3
msg_165,18,0.9174428356859214,2025-03-21T15:56:12.262726,deepseekv3
msg_166,11,0.8812988803547945,2025-03-21T15:56:12.262777,deepseekv3
msg_167,12,0.8638112143352402,2025-03-21T15:56:12.262828,deepseekv3
msg_168,7,0.9278207912663152,2025-03-21T15:56:12.262879,deepseekv3
msg_169,0,0.9226374787167999,2025-03-21T15:56:12.262930,deepseekv3
msg_170,8,0.9904039644344629,2025-03-21T15:56:12.262982,deepseekv3
msg_171,13,0.8695684278833188,2025-03-21T15:56:12.263033,deepseekv3
msg_172,16,0.9817637056245284,2025-03-21T15:56:12.263084,deepseekv3
msg_173,4,0.9692651328905072,2025-03-21T15:56:12.263136,deepseekv3
msg_174,6,0.9634822895656648,2025-03-21T15:56:12.263187,deepseekv3
msg_175,11,0.9093645737512221,2025-03-21T15:56:12.263237,deepseekv3
msg_176,7,0.8820379797202291,2025-03-21T15:56:12.263288,deepseekv3
msg_177,18,0.8780703428432934,2025-03-21T15:56:12.263341,deepseekv3
msg_178,6,0.9497734070042878,2025-03-21T15:56:12.263394,deepseekv3
msg_179,5,0.8728336492676975,2025-03-21T15:56:12.263445,deepseekv3
msg_180,7,0.8612655567580765,2025-03-21T15:56:12.263496,deepseekv3
msg_181,2,0.905426033689321,2025-03-21T15:56:12.263547,deepseekv3
msg_182,14,0.9436818937036352,2025-03-21T15:56:12.263598,deepseekv3
msg_183,7,0.867087947765536,2025-03-21T15:56:12.263649,deepseekv3
msg_184,13,0.9383825726335746,2025-03-21T15:56:12.263700,deepseekv3
msg_185,16,0.9038992432045678,2025-03-21T15:56:12.263751,deepseekv3
msg_186,4,0.9853325704642968,2025-03-21T15:56:12.263802,deepseekv3
msg_187,10,0.97994522020366,2025-03-21T15:56:12.263853,deepseekv3
msg_188,13,0.9427764492363364,2025-03-21T15:56:12.263904,deepseekv3
msg_189,5,0.9704178821989475,2025-03-21T15:56:12.263956,deepseekv3
msg_190,13,0.9134761149820658,2025-03-21T15:56:12.264007,deepseekv3
msg_191,4,0.891546838308595,2025-03-21T15:56:12.264060,deepseekv3
msg_192,3,0.9196117541575248,2025-03-21T15:56:12.264116,deepseekv3
msg_193,3,0.9558914334997377,2025-03-21T15:56:12.264175,deepseekv3
msg_194,7,0.8988419640602832,2025-03-21T15:56:12.264227,deepseekv3
msg_195,11,0.9935194638297324,2025-03-21T15:56:12.264278,deepseekv3
msg_196,18,0.9545040922677632,2025-03-21T15:56:12.264331,deepseekv3
msg_197,0,0.9134298551136706,2025-03-21T15:56:12.264383,deepseekv3
msg_198,12,0.8884476278966239,2025-03-21T15:56:12.264435,deepseekv3
msg_199,9,0.8539617653040216,2025-03-21T15:56:12.264486,deepseekv3
msg_200,14,0.8896784467401959,2025-03-21T15:56:12.265320,deepseekv3
msg_201,3,0.9980921384373692,2025-03-21T15:56:12.265386,deepseekv3
msg_202,0,0.9798755525275847,2025-03-21T15:56:12.265444,deepseekv3
msg_203,17,0.9381983675207077,2025-03-21T15:56:12.265499,deepseekv3
msg_204,19,0.9814479351568457,2025-03-21T15:56:12.265552,deepseekv3
msg_205,6,0.9815601296156078,2025-03-21T15:56:12.265604,deepseekv3
msg_206,8,0.8789114193803901,2025-03-21T15:56:12.265655,deepseekv3
msg_207,11,0.9162561514829886,2025-03-21T15:56:12.265706,deepseekv3
msg_208,3,0.855567534681633,2025-03-21T15:56:12.265757,deepseekv3
msg_209,0,0.97268568940463,2025-03-21T15:56:12.265807,deepseekv3
msg_210,18,0.9543312945827448,2025-03-21T15:56:12.265858,deepseekv3
msg_211,19,0.8879668943129582,2025-03-21T15:56:12.265909,deepseekv3
msg_212,14,0.9690191992129117,2025-03-21T15:56:12.265980,deepseekv3
msg_213,9,0.8526173169587221,2025-03-21T15:56:12.266045,deepseekv3
msg_214,9,0.9083403455095544,2025-03-21T15:56:12.266095,deepseekv3
msg_215,2,0.9545542240988274,2025-03-21T15:56:12.266166,deepseekv3
msg_216,7,0.8903565313291664,2025-03-21T15:56:12.266231,deepseekv3
msg_217,16,0.8834450582291387,2025-03-21T15:56:12.266316,deepseekv3
msg_218,10,0.9574179925886418,2025-03-21T15:56:12.266365,deepseekv3
msg_219,5,0.9924186443088799,2025-03-21T15:56:12.266456,deepseekv3
msg_220,2,0.9133574083271885,2025-03-21T15:56:12.266555,deepseekv3
msg_221,1,0.857866957708324,2025-03-21T15:56:12.266665,deepseekv3
msg_222,10,0.8692415880153866,2025-03-21T15:56:12.266718,deepseekv3
msg_223,7,0.8816194824072375,2025-03-21T15:56:12.266769,deepseekv3
msg_224,18,0.8775963581260472,2025-03-21T15:56:12.266819,deepseekv3
msg_225,15,0.9639479883890505,2025-03-21T15:56:12.266869,deepseekv3
msg_226,9,0.9523279277032642,2025-03-21T15:56:12.266920,deepseekv3
msg_227,15,0.941626967735397,2025-03-21T15:56:12.266971,deepseekv3
msg_228,16,0.9457989373785404,2025-03-21T15:56:12.267021,deepseekv3
msg_229,11,0.9449437985413616,2025-03-21T15:56:12.267071,deepseekv3
msg_230,15,0.9301756829224948,2025-03-21T15:56:12.267142,deepseekv3
msg_231,9,0.8920869905435951,2025-03-21T15:56:12.267208,deepseekv3
msg_232,8,0.9686855833931931,2025-03-21T15:56:12.267258,deepseekv3
msg_233,6,0.9039206007814687,2025-03-21T15:56:12.267308,deepseekv3
msg_234,0,0.9639744759672859,2025-03-21T15:56:12.267359,deepseekv3
msg_235,17,0.8812296901868057,2025-03-21T15:56:12.267475,deepseekv3
msg_236,19,0.8960540921314232,2025-03-21T15:56:12.267578,deepseekv3
msg_237,1,0.8527017010810304,2025-03-21T15:56:12.267644,deepseekv3
msg_238,5,0.9705718616399348,2025-03-21T15:56:12.267703,deepseekv3
msg_239,18,0.8889731252258627,2025-03-21T15:56:12.267759,deepseekv3
msg_240,18,0.9943419262341263,2025-03-21T15:56:12.267813,deepseekv3
msg_241,15,0.8949486214596164,2025-03-21T15:56:12.267866,deepseekv3
msg_242,9,0.9721923036854078,2025-03-21T15:56:12.267919,deepseekv3
msg_243,5,0.900407501528504,2025-03-21T15:56:12.267971,deepseekv3
msg_244,3,0.9872422863437013,2025-03-21T15:56:12.268023,deepseekv3
msg_245,2,0.9934388372772998,2025-03-21T15:56:12.268075,deepseekv3
msg_246,9,0.8994348635216664,2025-03-21T15:56:12.268126,deepseekv3
msg_247,2,0.8502472770676767,2025-03-21T15:56:12.268182,deepseekv3
msg_248,12,0.8967513209656562,2025-03-21T15:56:12.268234,deepseekv3
msg_249,13,0.975051108174104,2025-03-21T15:56:12.268285,deepseekv3
msg_250,0,0.9924366251745677,2025-03-21T15:56:12.268336,deepseekv3
msg_251,12,0.8671023832506339,2025-03-21T15:56:12.268408,deepseekv3
msg_252,7,0.8715940115066204,2025-03-21T15:56:12.268468,deepseekv3
msg_253,14,0.9632213453098504,2025-03-21T15:56:12.268520,deepseekv3
msg_254,17,0.9090685007332224,2025-03-21T15:56:12.268584,deepseekv3
msg_255,4,0.9839671652379358,2025-03-21T15:56:12.268665,deepseekv3
msg_256,16,0.9021119391415396,2025-03-21T15:56:12.268738,deepseekv3
msg_257,1,0.9588264848008995,2025-03-21T15:56:12.268796,deepseekv3
msg_258,14,0.8681662890698482,2025-03-21T15:56:12.268849,deepseekv3
msg_259,1,0.939096318243342,2025-03-21T15:56:12.268901,deepseekv3
msg_260,13,0.8674461621120864,2025-03-21T15:56:12.268951,deepseekv3
msg_261,10,0.8806942950038537,2025-03-21T15:56:12.269002,deepseekv3
msg_262,15,0.9629533909247645,2025-03-21T15:56:12.269052,deepseekv3
msg_263,14,0.8554933929527564,2025-03-21T15:56:12.269102,deepseekv3
msg_264,12,0.8730942784910793,2025-03-21T15:56:12.269153,deepseekv3
msg_265,5,0.8533473209835745,2025-03-21T15:56:12.269205,deepseekv3
msg_266,0,0.9944055616585237,2025-03-21T15:56:12.269255,deepseekv3
msg_267,8,0.9863569491088188,2025-03-21T15:56:12.269306,deepseekv3
msg_268,6,0.8653865173993719,2025-03-21T15:56:12.269356,deepseekv3
msg_269,2,0.9957688055521897,2025-03-21T15:56:12.269493,deepseekv3
msg_270,9,0.892000350967452,2025-03-21T15:56:12.269582,deepseekv3
msg_271,18,0.8987479203427947,2025-03-21T15:56:12.269644,deepseekv3
msg_272,2,0.9392473230898942,2025-03-21T15:56:12.269701,deepseekv3
msg_273,6,0.9989189906741783,2025-03-21T15:56:12.269756,deepseekv3
msg_274,6,0.9783925130072837,2025-03-21T15:56:12.269808,deepseekv3
msg_275,0,0.9383364873117709,2025-03-21T15:56:12.269860,deepseekv3
msg_276,9,0.9633274172827081,2025-03-21T15:56:12.269911,deepseekv3
msg_277,19,0.974073550521826,2025-03-21T15:56:12.269986,deepseekv3
msg_278,3,0.9209307645701663,2025-03-21T15:56:12.270054,deepseekv3
msg_279,15,0.9645030583836323,2025-03-21T15:56:12.270105,deepseekv3
msg_280,17,0.9701671931935719,2025-03-21T15:56:12.270178,deepseekv3
msg_281,2,0.9045066572159395,2025-03-21T15:56:12.270265,deepseekv3
msg_282,18,0.9237362694042537,2025-03-21T15:56:12.270332,deepseekv3
msg_283,7,0.9946523184335694,2025-03-21T15:56:12.270442,deepseekv3
msg_284,19,0.8975860580828471,2025-03-21T15:56:12.270526,deepseekv3
msg_285,13,0.8791212981147967,2025-03-21T15:56:12.270591,deepseekv3
msg_286,8,0.8756416341310763,2025-03-21T15:56:12.270650,deepseekv3
msg_287,4,0.936332829814519,2025-03-21T15:56:12.270705,deepseekv3
msg_288,14,0.992797558821918,2025-03-21T15:56:12.270758,deepseekv3
msg_289,19,0.9476431636926882,2025-03-21T15:56:12.270811,deepseekv3
msg_290,12,0.8941796979353006,2025-03-21T15:56:12.270862,deepseekv3
msg_291,18,0.9008191109544791,2025-03-21T15:56:12.270914,deepseekv3
msg_292,4,0.8878880977441344,2025-03-21T15:56:12.270965,deepseekv3
msg_293,0,0.9672028771183173,2025-03-21T15:56:12.271018,deepseekv3
msg_294,11,0.8587839399718225,2025-03-21T15:56:12.271069,deepseekv3
msg_295,15,0.9111343928978308,2025-03-21T15:56:12.271120,deepseekv3
msg_296,18,0.9226486914530982,2025-03-21T15:56:12.271171,deepseekv3
msg_297,1,0.9627467862431296,2025-03-21T15:56:12.271221,deepseekv3
msg_298,19,0.9892227050625837,2025-03-21T15:56:12.271272,deepseekv3
msg_299,4,0.8981812125894815,2025-03-21T15:56:12.271322,deepseekv3
msg_300,7,0.9075896976135299,2025-03-21T15:56:12.272392,deepseekv3
msg_301,19,0.9014672564221292,2025-03-21T15:56:12.272488,deepseekv3
msg_302,9,0.9476056309073402,2025-03-21T15:56:12.272615,deepseekv3
msg_303,16,0.8938236591054765,2025-03-21T15:56:12.272674,deepseekv3
msg_304,3,0.926825823404344,2025-03-21T15:56:12.272730,deepseekv3
msg_305,4,0.8635396030883816,2025-03-21T15:56:12.272785,deepseekv3
msg_306,9,0.8891085763894028,2025-03-21T15:56:12.272838,deepseekv3
msg_307,14,0.9375708710118077,2025-03-21T15:56:12.272890,deepseekv3
msg_308,6,0.9214687045412039,2025-03-21T15:56:12.272942,deepseekv3
msg_309,8,0.91326020793159,2025-03-21T15:56:12.272995,deepseekv3
msg_310,0,0.9310300590821855,2025-03-21T15:56:12.273047,deepseekv3
msg_311,6,0.9158003886957004,2025-03-21T15:56:12.273099,deepseekv3
msg_312,17,0.9063742418948129,2025-03-21T15:56:12.273150,deepseekv3
msg_313,6,0.888397518889738,2025-03-21T15:56:12.273202,deepseekv3
msg_314,19,0.9715386921248824,2025-03-21T15:56:12.273253,deepseekv3
msg_315,0,0.8662053646058993,2025-03-21T15:56:12.273305,deepseekv3
msg_316,11,0.8816412252820067,2025-03-21T15:56:12.273356,deepseekv3
msg_317,18,0.9859166852254524,2025-03-21T15:56:12.273410,deepseekv3
msg_318,17,0.8912309283432751,2025-03-21T15:56:12.273461,deepseekv3
msg_319,3,0.8981233602087044,2025-03-21T15:56:12.273512,deepseekv3
msg_320,6,0.914886972990769,2025-03-21T15:56:12.273563,deepseekv3
msg_321,6,0.878825662360995,2025-03-21T15:56:12.273614,deepseekv3
msg_322,5,0.9262349504509435,2025-03-21T15:56:12.273665,deepseekv3
msg_323,9,0.8569274642473557,2025-03-21T15:56:12.273716,deepseekv3
msg_324,12,0.9108110475957399,2025-03-21T15:56:12.273767,deepseekv3
msg_325,15,0.9268770652609499,2025-03-21T15:56:12.273818,deepseekv3
msg_326,11,0.8953448264243177,2025-03-21T15:56:12.273869,deepseekv3
msg_327,5,0.8798242824432027,2025-03-21T15:56:12.273920,deepseekv3
msg_328,19,0.9863904053122907,2025-03-21T15:56:12.273994,deepseekv3
msg_329,14,0.984723250165223,2025-03-21T15:56:12.274060,deepseekv3
msg_330,1,0.8677537509324674,2025-03-21T15:56:12.274111,deepseekv3
msg_331,4,0.9820673221084547,2025-03-21T15:56:12.274202,deepseekv3
msg_332,10,0.8552789259657513,2025-03-21T15:56:12.274276,deepseekv3
msg_333,15,0.9992185705797851,2025-03-21T15:56:12.274345,deepseekv3
msg_334,8,0.9396742959762947,2025-03-21T15:56:12.274398,deepseekv3
msg_335,2,0.9475242513023203,2025-03-21T15:56:12.274449,deepseekv3
msg_336,17,0.9154365554233719,2025-03-21T15:56:12.274501,deepseekv3
msg_337,0,0.9720188788207554,2025-03-21T15:56:12.274575,deepseekv3
msg_338,7,0.913508738544447,2025-03-21T15:56:12.274642,deepseekv3
msg_339,14,0.9993184175328194,2025-03-21T15:56:12.274693,deepseekv3
msg_340,17,0.8823604899756414,2025-03-21T15:56:12.274745,deepseekv3
msg_341,1,0.9131592941052711,2025-03-21T15:56:12.274796,deepseekv3
msg_342,17,0.9924300454420432,2025-03-21T15:56:12.274848,deepseekv3
msg_343,13,0.9872287562246629,2025-03-21T15:56:12.274898,deepseekv3
msg_344,9,0.9084560818820375,2025-03-21T15:56:12.274949,deepseekv3
msg_345,11,0.9726438538573724,2025-03-21T15:56:12.275000,deepseekv3
msg_346,3,0.9347359993247015,2025-03-21T15:56:12.275051,deepseekv3
msg_347,1,0.9204468352170911,2025-03-21T15:56:12.275101,deepseekv3
msg_348,5,0.9514493960697886,2025-03-21T15:56:12.275152,deepseekv3
msg_349,7,0.9095787023791116,2025-03-21T15:56:12.275202,deepseekv3
msg_350,3,0.8673049329672969,2025-03-21T15:56:12.275275,deepseekv3
msg_351,11,0.8976616393907813,2025-03-21T15:56:12.275327,deepseekv3
msg_352,14,0.9130791748123909,2025-03-21T15:56:12.275381,deepseekv3
msg_353,3,0.8611902933248679,2025-03-21T15:56:12.275434,deepseekv3
msg_354,18,0.9026294870502375,2025-03-21T15:56:12.275486,deepseekv3
msg_355,8,0.9915675230805309,2025-03-21T15:56:12.275538,deepseekv3
msg_356,5,0.8965651434833277,2025-03-21T15:56:12.275590,deepseekv3
msg_357,9,0.8820375643428372,2025-03-21T15:56:12.275643,deepseekv3
msg_358,3,0.9002417742731875,2025-03-21T15:56:12.275695,deepseekv3
msg_359,6,0.9726028213773487,2025-03-21T15:56:12.275747,deepseekv3
msg_360,16,0.931499552173437,2025-03-21T15:56:12.275799,deepseekv3
msg_361,15,0.9049963197970143,2025-03-21T15:56:12.275867,deepseekv3
msg_362,5,0.953703368885948,2025-03-21T15:56:12.275940,deepseekv3
msg_363,7,0.9069925796802701,2025-03-21T15:56:12.276008,deepseekv3
msg_364,8,0.96899885051603,2025-03-21T15:56:12.276082,deepseekv3
msg_365,17,0.8744296124940304,2025-03-21T15:56:12.276151,deepseekv3
msg_366,13,0.9998084241866412,2025-03-21T15:56:12.276224,deepseekv3
msg_367,14,0.8504774351783502,2025-03-21T15:56:12.276290,deepseekv3
msg_368,7,0.8685388949089109,2025-03-21T15:56:12.276341,deepseekv3
msg_369,15,0.917240724429377,2025-03-21T15:56:12.276394,deepseekv3
msg_370,5,0.9868362291644721,2025-03-21T15:56:12.276445,deepseekv3
msg_371,7,0.9235143228213883,2025-03-21T15:56:12.276495,deepseekv3
msg_372,18,0.8520150959191187,2025-03-21T15:56:12.276568,deepseekv3
msg_373,8,0.9626878483536143,2025-03-21T15:56:12.276620,deepseekv3
msg_374,10,0.9731257803921238,2025-03-21T15:56:12.276672,deepseekv3
msg_375,1,0.8517103572372811,2025-03-21T15:56:12.276725,deepseekv3
msg_376,19,0.9600467512529052,2025-03-21T15:56:12.276777,deepseekv3
msg_377,12,0.8988655385317428,2025-03-21T15:56:12.276830,deepseekv3
msg_378,10,0.976979199668186,2025-03-21T15:56:12.276883,deepseekv3
msg_379,18,0.9139913426467781,2025-03-21T15:56:12.276934,deepseekv3
msg_380,17,0.9023166120041927,2025-03-21T15:56:12.276986,deepseekv3
msg_381,11,0.9253225608458235,2025-03-21T15:56:12.277038,deepseekv3
msg_382,5,0.8519498489118091,2025-03-21T15:56:12.277090,deepseekv3
msg_383,5,0.9240156349586485,2025-03-21T15:56:12.277141,deepseekv3
msg_384,13,0.9107699584545721,2025-03-21T15:56:12.277194,deepseekv3
msg_385,13,0.8685611972582492,2025-03-21T15:56:12.277246,deepseekv3
msg_386,15,0.9474647336654607,2025-03-21T15:56:12.277298,deepseekv3
msg_387,5,0.8861958816633746,2025-03-21T15:56:12.277349,deepseekv3
msg_388,14,0.9716077508162414,2025-03-21T15:56:12.277441,deepseekv3
msg_389,13,0.9881931848100178,2025-03-21T15:56:12.277520,deepseekv3
msg_390,5,0.8729433068269379,2025-03-21T15:56:12.277582,deepseekv3
msg_391,14,0.8967317366371801,2025-03-21T15:56:12.277639,deepseekv3
msg_392,7,0.963542926149622,2025-03-21T15:56:12.277694,deepseekv3
msg_393,7,0.9363448107016276,2025-03-21T15:56:12.277749,deepseekv3
msg_394,16,0.9891432955666052,2025-03-21T15:56:12.277801,deepseekv3
msg_395,14,0.8553333757452454,2025-03-21T15:56:12.277853,deepseekv3
msg_396,3,0.9141021163972877,2025-03-21T15:56:12.277904,deepseekv3
msg_397,16,0.9632443396723566,2025-03-21T15:56:12.277956,deepseekv3
msg_398,2,0.8695122377199631,2025-03-21T15:56:12.278008,deepseekv3
msg_399,1,0.8819533907744801,2025-03-21T15:56:12.278058,deepseekv3
msg_400,4,0.9032363466425385,2025-03-21T15:56:12.278835,deepseekv3
msg_401,10,0.9951865612853974,2025-03-21T15:56:12.278897,deepseekv3
msg_402,10,0.9157471786054837,2025-03-21T15:56:12.278954,deepseekv3
msg_403,8,0.8833166977416005,2025-03-21T15:56:12.279009,deepseekv3
msg_404,6,0.8804431391522044,2025-03-21T15:56:12.279062,deepseekv3
msg_405,14,0.8702879178778515,2025-03-21T15:56:12.279115,deepseekv3
msg_406,11,0.970690112582203,2025-03-21T15:56:12.279166,deepseekv3
msg_407,9,0.9571837735457325,2025-03-21T15:56:12.279217,deepseekv3
msg_408,19,0.8861766168720002,2025-03-21T15:56:12.279269,deepseekv3
msg_409,16,0.9472981627040716,2025-03-21T15:56:12.279320,deepseekv3
msg_410,15,0.8592806057514931,2025-03-21T15:56:12.279371,deepseekv3
msg_411,8,0.9564440360226032,2025-03-21T15:56:12.279424,deepseekv3
msg_412,10,0.9087342692215236,2025-03-21T15:56:12.279475,deepseekv3
msg_413,5,0.8877023129135966,2025-03-21T15:56:12.279525,deepseekv3
msg_414,10,0.9285560704182241,2025-03-21T15:56:12.279576,deepseekv3
msg_415,0,0.8859983203444486,2025-03-21T15:56:12.279626,deepseekv3
msg_416,7,0.8660040539799617,2025-03-21T15:56:12.279676,deepseekv3
msg_417,1,0.9157683695103458,2025-03-21T15:56:12.279728,deepseekv3
msg_418,9,0.9986654772888449,2025-03-21T15:56:12.279778,deepseekv3
msg_419,3,0.9773861604402437,2025-03-21T15:56:12.279829,deepseekv3
msg_420,16,0.9389114243305003,2025-03-21T15:56:12.279880,deepseekv3
msg_421,6,0.9797471670494728,2025-03-21T15:56:12.279931,deepseekv3
msg_422,14,0.8597505492079827,2025-03-21T15:56:12.279981,deepseekv3
msg_423,10,0.8885028340618487,2025-03-21T15:56:12.280033,deepseekv3
msg_424,10,0.9792957397792124,2025-03-21T15:56:12.280083,deepseekv3
msg_425,8,0.8965354418276558,2025-03-21T15:56:12.280134,deepseekv3
msg_426,13,0.9383636573527171,2025-03-21T15:56:12.280186,deepseekv3
msg_427,17,0.8994772333940335,2025-03-21T15:56:12.280236,deepseekv3
msg_428,9,0.9637745848108601,2025-03-21T15:56:12.280287,deepseekv3
msg_429,9,0.9510253827159336,2025-03-21T15:56:12.280337,deepseekv3
msg_430,5,0.9846553279413669,2025-03-21T15:56:12.280390,deepseekv3
msg_431,18,0.9991202827278902,2025-03-21T15:56:12.280459,deepseekv3
msg_432,11,0.8623658106397425,2025-03-21T15:56:12.280533,deepseekv3
msg_433,15,0.8561865877545577,2025-03-21T15:56:12.280587,deepseekv3
msg_434,18,0.8671333285251569,2025-03-21T15:56:12.280662,deepseekv3
msg_435,7,0.8502397047708493,2025-03-21T15:56:12.280727,deepseekv3
msg_436,18,0.9888283791592138,2025-03-21T15:56:12.280803,deepseekv3
msg_437,13,0.9435837123956653,2025-03-21T15:56:12.280883,deepseekv3
msg_438,1,0.9276331998705913,2025-03-21T15:56:12.280958,deepseekv3
msg_439,18,0.9982659998114622,2025-03-21T15:56:12.281021,deepseekv3
msg_440,11,0.9338486899544838,2025-03-21T15:56:12.281089,deepseekv3
msg_441,9,0.9199964525155505,2025-03-21T15:56:12.281166,deepseekv3
msg_442,16,0.9491415422250947,2025-03-21T15:56:12.281237,deepseekv3
msg_443,18,0.9314595334407249,2025-03-21T15:56:12.281305,deepseekv3
msg_444,15,0.9846639628020032,2025-03-21T15:56:12.281373,deepseekv3
msg_445,16,0.9379779434519141,2025-03-21T15:56:12.281446,deepseekv3
msg_446,1,0.9127967168099136,2025-03-21T15:56:12.281533,deepseekv3
msg_447,17,0.9946502142533866,2025-03-21T15:56:12.281620,deepseekv3
msg_448,6,0.8914106236077811,2025-03-21T15:56:12.281687,deepseekv3
msg_449,1,0.9705508254695401,2025-03-21T15:56:12.281755,deepseekv3
msg_450,19,0.8751931599596592,2025-03-21T15:56:12.281839,deepseekv3
msg_451,7,0.9265733541699408,2025-03-21T15:56:12.281909,deepseekv3
msg_452,19,0.9872303679933168,2025-03-21T15:56:12.281992,deepseekv3
msg_453,16,0.9806246472780215,2025-03-21T15:56:12.282081,deepseekv3
msg_454,10,0.873678391820492,2025-03-21T15:56:12.282151,deepseekv3
msg_455,16,0.9869023488237846,2025-03-21T15:56:12.282235,deepseekv3
msg_456,8,0.9528322831381624,2025-03-21T15:56:12.282308,deepseekv3
msg_457,8,0.8588343956416834,2025-03-21T15:56:12.282396,deepseekv3
msg_458,10,0.9132718421465198,2025-03-21T15:56:12.282475,deepseekv3
msg_459,18,0.918534953812676,2025-03-21T15:56:12.282560,deepseekv3
msg_460,16,0.9357857020906026,2025-03-21T15:56:12.282638,deepseekv3
msg_461,8,0.8638657304486138,2025-03-21T15:56:12.282718,deepseekv3
msg_462,16,0.8541377076022753,2025-03-21T15:56:12.282796,deepseekv3
msg_463,2,0.9752704501218511,2025-03-21T15:56:12.282875,deepseekv3
msg_464,13,0.9243672451227128,2025-03-21T15:56:12.282942,deepseekv3
msg_465,7,0.9252961274299177,2025-03-21T15:56:12.283011,deepseekv3
msg_466,5,0.9380797472826206,2025-03-21T15:56:12.283063,deepseekv3
msg_467,11,0.9284048684582352,2025-03-21T15:56:12.283116,deepseekv3
msg_468,5,0.9254677814893393,2025-03-21T15:56:12.283168,deepseekv3
msg_469,15,0.9894328039708842,2025-03-21T15:56:12.283220,deepseekv3
msg_470,12,0.9297788576397431,2025-03-21T15:56:12.283272,deepseekv3
msg_471,11,0.9424963873236721,2025-03-21T15:56:12.283323,deepseekv3
msg_472,3,0.9228336745538438,2025-03-21T15:56:12.283374,deepseekv3
msg_473,12,0.9269004944681776,2025-03-21T15:56:12.283439,deepseekv3
msg_474,5,0.9115683550666717,2025-03-21T15:56:12.283494,deepseekv3
msg_475,11,0.9097127933004514,2025-03-21T15:56:12.283561,deepseekv3
msg_476,0,0.9068915971249054,2025-03-21T15:56:12.283635,deepseekv3
msg_477,5,0.9498143143716291,2025-03-21T15:56:12.283722,deepseekv3
msg_478,19,0.8698967509948554,2025-03-21T15:56:12.283812,deepseekv3
msg_479,8,0.9606017720900223,2025-03-21T15:56:12.283888,deepseekv3
msg_480,17,0.8511229892413906,2025-03-21T15:56:12.283962,deepseekv3
msg_481,13,0.9223829437860853,2025-03-21T15:56:12.284036,deepseekv3
msg_482,9,0.9520004623304571,2025-03-21T15:56:12.284109,deepseekv3
msg_483,11,0.8607978343764322,2025-03-21T15:56:12.284183,deepseekv3
msg_484,18,0.9660903865736902,2025-03-21T15:56:12.284256,deepseekv3
msg_485,6,0.8652704309426503,2025-03-21T15:56:12.284328,deepseekv3
msg_486,0,0.9347763462599661,2025-03-21T15:56:12.284385,deepseekv3
msg_487,10,0.9924083274092237,2025-03-21T15:56:12.284445,deepseekv3
msg_488,16,0.8653134493721061,2025-03-21T15:56:12.284510,deepseekv3
msg_489,15,0.9510014021282241,2025-03-21T15:56:12.284582,deepseekv3
msg_490,8,0.965326401400528,2025-03-21T15:56:12.284633,deepseekv3
msg_491,8,0.9161204068154032,2025-03-21T15:56:12.284685,deepseekv3
msg_492,2,0.8830807687723756,2025-03-21T15:56:12.284750,deepseekv3
msg_493,19,0.9000580826018076,2025-03-21T15:56:12.284839,deepseekv3
msg_494,17,0.9437127030135497,2025-03-21T15:56:12.284948,deepseekv3
msg_495,13,0.9299871795743537,2025-03-21T15:56:12.285034,deepseekv3
msg_496,7,0.9230253560147377,2025-03-21T15:56:12.285120,deepseekv3
msg_497,9,0.9700245565687491,2025-03-21T15:56:12.285207,deepseekv3
msg_498,5,0.9089237316019567,2025-03-21T15:56:12.285274,deepseekv3
msg_499,2,0.8882802137584614,2025-03-21T15:56:12.285324,deepseekv3
msg_500,2,0.9762957005000439,2025-03-21T15:56:12.286328,deepseekv3
msg_501,2,0.9924022285709458,2025-03-21T15:56:12.286418,deepseekv3
msg_502,12,0.8947352583792587,2025-03-21T15:56:12.286495,deepseekv3
msg_503,16,0.9079943902177445,2025-03-21T15:56:12.286551,deepseekv3
msg_504,2,0.8554436899885817,2025-03-21T15:56:12.286604,deepseekv3
msg_505,19,0.9044948190332667,2025-03-21T15:56:12.286655,deepseekv3
msg_506,0,0.978280580798864,2025-03-21T15:56:12.286705,deepseekv3
msg_507,0,0.8904441245726281,2025-03-21T15:56:12.286755,deepseekv3
msg_508,1,0.8967845972185468,2025-03-21T15:56:12.286804,deepseekv3
msg_509,1,0.8759104982251499,2025-03-21T15:56:12.286853,deepseekv3
msg_510,9,0.9092658217293513,2025-03-21T15:56:12.286902,deepseekv3
msg_511,11,0.8622991081547682,2025-03-21T15:56:12.286951,deepseekv3
msg_512,4,0.9258539716494663,2025-03-21T15:56:12.287000,deepseekv3
msg_513,19,0.9251798911961528,2025-03-21T15:56:12.287050,deepseekv3
msg_514,6,0.9283793343329068,2025-03-21T15:56:12.287099,deepseekv3
msg_515,13,0.8993613613986797,2025-03-21T15:56:12.287148,deepseekv3
msg_516,8,0.9911881142593923,2025-03-21T15:56:12.287197,deepseekv3
msg_517,7,0.9065258777830459,2025-03-21T15:56:12.287246,deepseekv3
msg_518,16,0.9850030483851755,2025-03-21T15:56:12.287295,deepseekv3
msg_519,8,0.9813583247063318,2025-03-21T15:56:12.287344,deepseekv3
msg_520,14,0.9678176455134893,2025-03-21T15:56:12.287416,deepseekv3
msg_521,15,0.8800024783874246,2025-03-21T15:56:12.287480,deepseekv3
msg_522,10,0.9783098267665069,2025-03-21T15:56:12.287529,deepseekv3
msg_523,1,0.9783773386876955,2025-03-21T15:56:12.287578,deepseekv3
msg_524,2,0.9931489020904523,2025-03-21T15:56:12.287627,deepseekv3
msg_525,12,0.9891645115050178,2025-03-21T15:56:12.287676,deepseekv3
msg_526,15,0.9064149972795258,2025-03-21T15:56:12.287725,deepseekv3
msg_527,8,0.9537055626659497,2025-03-21T15:56:12.287773,deepseekv3
msg_528,1,0.8538320468221645,2025-03-21T15:56:12.287822,deepseekv3
msg_529,12,0.8873496947585949,2025-03-21T15:56:12.287871,deepseekv3
msg_530,2,0.8984882793095884,2025-03-21T15:56:12.287920,deepseekv3
msg_531,7,0.9261747203045904,2025-03-21T15:56:12.287969,deepseekv3
msg_532,2,0.9959382393223115,2025-03-21T15:56:12.288018,deepseekv3
msg_533,18,0.8674456347312253,2025-03-21T15:56:12.288067,deepseekv3
msg_534,13,0.8567889104227093,2025-03-21T15:56:12.288116,deepseekv3
msg_535,8,0.9760445438343093,2025-03-21T15:56:12.288165,deepseekv3
msg_536,16,0.9256809653938458,2025-03-21T15:56:12.288213,deepseekv3
msg_537,15,0.9749987591749185,2025-03-21T15:56:12.288262,deepseekv3
msg_538,18,0.9025409249863409,2025-03-21T15:56:12.288311,deepseekv3
msg_539,4,0.9566175102210037,2025-03-21T15:56:12.288360,deepseekv3
msg_540,16,0.9237372381541319,2025-03-21T15:56:12.288449,deepseekv3
msg_541,4,0.8709226701320845,2025-03-21T15:56:12.288498,deepseekv3
msg_542,19,0.9136494170574201,2025-03-21T15:56:12.288547,deepseekv3
msg_543,1,0.9452114024107221,2025-03-21T15:56:12.288596,deepseekv3
msg_544,0,0.8530947447744084,2025-03-21T15:56:12.288645,deepseekv3
msg_545,11,0.8975782062368053,2025-03-21T15:56:12.288694,deepseekv3
msg_546,13,0.9803252395716502,2025-03-21T15:56:12.288742,deepseekv3
msg_547,19,0.9911330630547779,2025-03-21T15:56:12.288791,deepseekv3
msg_548,2,0.8920991757914316,2025-03-21T15:56:12.288840,deepseekv3
msg_549,1,0.9147367006518148,2025-03-21T15:56:12.288889,deepseekv3
msg_550,17,0.8809417525429049,2025-03-21T15:56:12.288938,deepseekv3
msg_551,9,0.9766332910901393,2025-03-21T15:56:12.288986,deepseekv3
msg_552,13,0.9623597856674796,2025-03-21T15:56:12.289035,deepseekv3
msg_553,3,0.9207872848813932,2025-03-21T15:56:12.289083,deepseekv3
msg_554,18,0.8815358031951295,2025-03-21T15:56:12.289132,deepseekv3
msg_555,12,0.9025727777762282,2025-03-21T15:56:12.289182,deepseekv3
msg_556,0,0.9752184229462445,2025-03-21T15:56:12.289231,deepseekv3
msg_557,9,0.8806065699332641,2025-03-21T15:56:12.289279,deepseekv3
msg_558,19,0.8526876428439155,2025-03-21T15:56:12.289328,deepseekv3
msg_559,7,0.8856201556138965,2025-03-21T15:56:12.289376,deepseekv3
msg_560,19,0.859925840343884,2025-03-21T15:56:12.289461,deepseekv3
msg_561,14,0.9104325493072415,2025-03-21T15:56:12.289510,deepseekv3
msg_562,0,0.8626816837566671,2025-03-21T15:56:12.289559,deepseekv3
msg_563,2,0.9380555239967099,2025-03-21T15:56:12.289607,deepseekv3
msg_564,11,0.858597100133852,2025-03-21T15:56:12.289656,deepseekv3
msg_565,7,0.9684284249329341,2025-03-21T15:56:12.289705,deepseekv3
msg_566,10,0.9921408542734694,2025-03-21T15:56:12.289754,deepseekv3
msg_567,5,0.8737239893203161,2025-03-21T15:56:12.289803,deepseekv3
msg_568,11,0.9678530280020804,2025-03-21T15:56:12.289852,deepseekv3
msg_569,12,0.8971202000630197,2025-03-21T15:56:12.289901,deepseekv3
msg_570,15,0.9281918774241245,2025-03-21T15:56:12.289950,deepseekv3
msg_571,14,0.9989353372567921,2025-03-21T15:56:12.289999,deepseekv3
msg_572,6,0.8843043299699169,2025-03-21T15:56:12.290048,deepseekv3
msg_573,0,0.9124110882084998,2025-03-21T15:56:12.290097,deepseekv3
msg_574,10,0.9077558116416107,2025-03-21T15:56:12.290146,deepseekv3
msg_575,12,0.9418070321355166,2025-03-21T15:56:12.290196,deepseekv3
msg_576,7,0.9013501084760794,2025-03-21T15:56:12.290244,deepseekv3
msg_577,5,0.9608891795794672,2025-03-21T15:56:12.290294,deepseekv3
msg_578,15,0.8966694673222595,2025-03-21T15:56:12.290343,deepseekv3
msg_579,3,0.9483262745676778,2025-03-21T15:56:12.290416,deepseekv3
msg_580,15,0.9071685096688321,2025-03-21T15:56:12.290481,deepseekv3
msg_581,10,0.8790538085139826,2025-03-21T15:56:12.290530,deepseekv3
msg_582,16,0.9137411443535892,2025-03-21T15:56:12.290578,deepseekv3
msg_583,4,0.934496769061798,2025-03-21T15:56:12.290627,deepseekv3
msg_584,12,0.9334710492634235,2025-03-21T15:56:12.290676,deepseekv3
msg_585,3,0.9176545059647787,2025-03-21T15:56:12.290725,deepseekv3
msg_586,3,0.9990929421790897,2025-03-21T15:56:12.290774,deepseekv3
msg_587,4,0.9838710617522708,2025-03-21T15:56:12.290823,deepseekv3
msg_588,11,0.9377822589472462,2025-03-21T15:56:12.290872,deepseekv3
msg_589,4,0.855324621096937,2025-03-21T15:56:12.290921,deepseekv3
msg_590,10,0.8543904603625737,2025-03-21T15:56:12.290970,deepseekv3
msg_591,3,0.9945246884165472,2025-03-21T15:56:12.291019,deepseekv3
msg_592,18,0.9531244001320873,2025-03-21T15:56:12.291068,deepseekv3
msg_593,3,0.8773042463142169,2025-03-21T15:56:12.291118,deepseekv3
msg_594,10,0.8506951360190504,2025-03-21T15:56:12.291167,deepseekv3
msg_595,9,0.9991362694922514,2025-03-21T15:56:12.291216,deepseekv3
msg_596,14,0.8913149631095577,2025-03-21T15:56:12.291265,deepseekv3
msg_597,9,0.8616039221262947,2025-03-21T15:56:12.291313,deepseekv3
msg_598,8,0.9891183950145106,2025-03-21T15:56:12.291362,deepseekv3
msg_599,10,0.9492975042306997,2025-03-21T15:56:12.291450,deepseekv3
msg_600,8,0.9116893440490947,2025-03-21T15:56:12.292195,deepseekv3
msg_601,4,0.9533300708397571,2025-03-21T15:56:12.292278,deepseekv3
msg_602,10,0.9826148957668821,2025-03-21T15:56:12.292358,deepseekv3
msg_603,1,0.9795803233347078,2025-03-21T15:56:12.292431,deepseekv3
msg_604,4,0.9564070805052896,2025-03-21T15:56:12.292483,deepseekv3
msg_605,19,0.9038856112564387,2025-03-21T15:56:12.292535,deepseekv3
msg_606,5,0.8684317844710207,2025-03-21T15:56:12.292586,deepseekv3
msg_607,6,0.9346874854373974,2025-03-21T15:56:12.292637,deepseekv3
msg_608,17,0.9748452871533204,2025-03-21T15:56:12.292687,deepseekv3
msg_609,13,0.9009657980637473,2025-03-21T15:56:12.292736,deepseekv3
msg_610,16,0.8714219519935545,2025-03-21T15:56:12.292785,deepseekv3
msg_611,10,0.9767572752153666,2025-03-21T15:56:12.292834,deepseekv3
msg_612,3,0.9410262168573033,2025-03-21T15:56:12.292883,deepseekv3
msg_613,18,0.9750057111185677,2025-03-21T15:56:12.292932,deepseekv3
msg_614,1,0.9403597542385579,2025-03-21T15:56:12.292982,deepseekv3
msg_615,0,0.9860930988902443,2025-03-21T15:56:12.293031,deepseekv3
msg_616,15,0.9445205539334496,2025-03-21T15:56:12.293080,deepseekv3
msg_617,0,0.9048269683950638,2025-03-21T15:56:12.293129,deepseekv3
msg_618,6,0.9657173535224589,2025-03-21T15:56:12.293178,deepseekv3
msg_619,13,0.947203204295827,2025-03-21T15:56:12.293228,deepseekv3
msg_620,4,0.911327620476434,2025-03-21T15:56:12.293276,deepseekv3
msg_621,12,0.9277084109198503,2025-03-21T15:56:12.293326,deepseekv3
msg_622,17,0.9660609022659964,2025-03-21T15:56:12.293374,deepseekv3
msg_623,14,0.8517530274755418,2025-03-21T15:56:12.293460,deepseekv3
msg_624,5,0.873053997764291,2025-03-21T15:56:12.293510,deepseekv3
msg_625,10,0.8561171940942436,2025-03-21T15:56:12.293560,deepseekv3
msg_626,2,0.9244210790131396,2025-03-21T15:56:12.293609,deepseekv3
msg_627,12,0.9043656123924224,2025-03-21T15:56:12.293658,deepseekv3
msg_628,10,0.9633557468787212,2025-03-21T15:56:12.293708,deepseekv3
msg_629,18,0.9233378354050813,2025-03-21T15:56:12.293757,deepseekv3
msg_630,10,0.8543611124676306,2025-03-21T15:56:12.293806,deepseekv3
msg_631,13,0.9812246500217194,2025-03-21T15:56:12.293855,deepseekv3
msg_632,5,0.9998218053015221,2025-03-21T15:56:12.293905,deepseekv3
msg_633,5,0.9379043911099182,2025-03-21T15:56:12.293954,deepseekv3
msg_634,8,0.9140728536206901,2025-03-21T15:56:12.294003,deepseekv3
msg_635,1,0.9488370088859196,2025-03-21T15:56:12.294052,deepseekv3
msg_636,3,0.9475824774843289,2025-03-21T15:56:12.294101,deepseekv3
msg_637,10,0.8832738281664086,2025-03-21T15:56:12.294150,deepseekv3
msg_638,18,0.9553197249801485,2025-03-21T15:56:12.294199,deepseekv3
msg_639,3,0.8813392082524363,2025-03-21T15:56:12.294248,deepseekv3
msg_640,3,0.873169068456831,2025-03-21T15:56:12.294297,deepseekv3
msg_641,12,0.8570288085188809,2025-03-21T15:56:12.294346,deepseekv3
msg_642,1,0.8715133501487727,2025-03-21T15:56:12.294417,deepseekv3
msg_643,17,0.9326021687228794,2025-03-21T15:56:12.294480,deepseekv3
msg_644,10,0.9150392468137267,2025-03-21T15:56:12.294530,deepseekv3
msg_645,2,0.907494699547226,2025-03-21T15:56:12.294579,deepseekv3
msg_646,9,0.8705605411746822,2025-03-21T15:56:12.294628,deepseekv3
msg_647,2,0.9996667359055845,2025-03-21T15:56:12.294677,deepseekv3
msg_648,9,0.9349666426896752,2025-03-21T15:56:12.294727,deepseekv3
msg_649,16,0.9353992517793873,2025-03-21T15:56:12.294776,deepseekv3
msg_650,6,0.8752668230172618,2025-03-21T15:56:12.294825,deepseekv3
msg_651,8,0.8728197244710925,2025-03-21T15:56:12.294873,deepseekv3
msg_652,9,0.9668299821830101,2025-03-21T15:56:12.294923,deepseekv3
msg_653,4,0.8781219673068734,2025-03-21T15:56:12.294972,deepseekv3
msg_654,14,0.9739601622079942,2025-03-21T15:56:12.295021,deepseekv3
msg_655,0,0.9312897365466943,2025-03-21T15:56:12.295070,deepseekv3
msg_656,1,0.9055044652014629,2025-03-21T15:56:12.295119,deepseekv3
msg_657,8,0.962560162245123,2025-03-21T15:56:12.295168,deepseekv3
msg_658,1,0.926119777455811,2025-03-21T15:56:12.295217,deepseekv3
msg_659,8,0.9337366934047541,2025-03-21T15:56:12.295266,deepseekv3
msg_660,5,0.9291786626596307,2025-03-21T15:56:12.295315,deepseekv3
msg_661,0,0.9996022004317531,2025-03-21T15:56:12.295364,deepseekv3
msg_662,1,0.9863180718614962,2025-03-21T15:56:12.295451,deepseekv3
msg_663,3,0.9679526584431561,2025-03-21T15:56:12.295500,deepseekv3
msg_664,3,0.9076595261209761,2025-03-21T15:56:12.295549,deepseekv3
msg_665,19,0.9792026666222691,2025-03-21T15:56:12.295598,deepseekv3
msg_666,3,0.8818946725650575,2025-03-21T15:56:12.295648,deepseekv3
msg_667,17,0.8805252476203405,2025-03-21T15:56:12.295696,deepseekv3
msg_668,16,0.9616143367787562,2025-03-21T15:56:12.295745,deepseekv3
msg_669,3,0.9538965913115507,2025-03-21T15:56:12.295794,deepseekv3
msg_670,12,0.9003736175632661,2025-03-21T15:56:12.295843,deepseekv3
msg_671,1,0.8650027650789789,2025-03-21T15:56:12.295891,deepseekv3
msg_672,15,0.9795446932812544,2025-03-21T15:56:12.295941,deepseekv3
msg_673,11,0.9808186107740208,2025-03-21T15:56:12.295990,deepseekv3
msg_674,14,0.8543948484571194,2025-03-21T15:56:12.296039,deepseekv3
msg_675,17,0.9676766643758341,2025-03-21T15:56:12.296088,deepseekv3
msg_676,13,0.9144814600537519,2025-03-21T15:56:12.296137,deepseekv3
msg_677,5,0.884453836264265,2025-03-21T15:56:12.296188,deepseekv3
msg_678,9,0.9689297283525687,2025-03-21T15:56:12.296242,deepseekv3
msg_679,1,0.9053172308771132,2025-03-21T15:56:12.296292,deepseekv3
msg_680,9,0.9510082842040266,2025-03-21T15:56:12.296342,deepseekv3
msg_681,5,0.9132553223082828,2025-03-21T15:56:12.296414,deepseekv3
msg_682,5,0.9195454183286005,2025-03-21T15:56:12.296479,deepseekv3
msg_683,19,0.9934261808179167,2025-03-21T15:56:12.296528,deepseekv3
msg_684,19,0.9082183772944897,2025-03-21T15:56:12.296579,deepseekv3
msg_685,19,0.94083234188703,2025-03-21T15:56:12.296628,deepseekv3
msg_686,4,0.9533753842299524,2025-03-21T15:56:12.296677,deepseekv3
msg_687,15,0.8879539509454162,2025-03-21T15:56:12.296726,deepseekv3
msg_688,11,0.8994283658616009,2025-03-21T15:56:12.296774,deepseekv3
msg_689,16,0.9516583741133859,2025-03-21T15:56:12.296823,deepseekv3
msg_690,11,0.9884554456935303,2025-03-21T15:56:12.296872,deepseekv3
msg_691,0,0.8787670160177934,2025-03-21T15:56:12.296920,deepseekv3
msg_692,9,0.9215459570581142,2025-03-21T15:56:12.296969,deepseekv3
msg_693,5,0.9276063138376052,2025-03-21T15:56:12.297019,deepseekv3
msg_694,3,0.9274456622792154,2025-03-21T15:56:12.297067,deepseekv3
msg_695,10,0.8524812271900651,2025-03-21T15:56:12.297116,deepseekv3
msg_696,10,0.8881126981260778,2025-03-21T15:56:12.297164,deepseekv3
msg_697,11,0.8755458347377318,2025-03-21T15:56:12.297213,deepseekv3
msg_698,18,0.8723346202446015,2025-03-21T15:56:12.297261,deepseekv3
msg_699,7,0.9751321930606275,2025-03-21T15:56:12.297310,deepseekv3
msg_700,19,0.915947235894486,2025-03-21T15:56:12.298119,deepseekv3
msg_701,2,0.9339935454779192,2025-03-21T15:56:12.298183,deepseekv3
msg_702,5,0.9316391212074155,2025-03-21T15:56:12.298241,deepseekv3
msg_703,5,0.9850750504633001,2025-03-21T15:56:12.298295,deepseekv3
msg_704,14,0.8694204420503886,2025-03-21T15:56:12.298347,deepseekv3
msg_705,17,0.8651839973167613,2025-03-21T15:56:12.298422,deepseekv3
msg_706,12,0.9882365313870456,2025-03-21T15:56:12.298490,deepseekv3
msg_707,6,0.9477339621994296,2025-03-21T15:56:12.298542,deepseekv3
msg_708,13,0.9046215778071122,2025-03-21T15:56:12.298592,deepseekv3
msg_709,18,0.927374242928714,2025-03-21T15:56:12.298641,deepseekv3
msg_710,5,0.893575927900804,2025-03-21T15:56:12.298691,deepseekv3
msg_711,9,0.9666404471043477,2025-03-21T15:56:12.298740,deepseekv3
msg_712,4,0.9752860900775469,2025-03-21T15:56:12.298789,deepseekv3
msg_713,14,0.9282057618738974,2025-03-21T15:56:12.298839,deepseekv3
msg_714,14,0.9485729736250462,2025-03-21T15:56:12.298888,deepseekv3
msg_715,8,0.8667434121204081,2025-03-21T15:56:12.298937,deepseekv3
msg_716,16,0.8713865523379037,2025-03-21T15:56:12.298987,deepseekv3
msg_717,9,0.8795081594213633,2025-03-21T15:56:12.299036,deepseekv3
msg_718,3,0.912214498136505,2025-03-21T15:56:12.299085,deepseekv3
msg_719,16,0.8553322067535606,2025-03-21T15:56:12.299134,deepseekv3
msg_720,11,0.9254240858934211,2025-03-21T15:56:12.299187,deepseekv3
msg_721,1,0.9273666258914184,2025-03-21T15:56:12.299238,deepseekv3
msg_722,5,0.9554394293882817,2025-03-21T15:56:12.299309,deepseekv3
msg_723,12,0.9394949891708878,2025-03-21T15:56:12.299361,deepseekv3
msg_724,7,0.9554907447831699,2025-03-21T15:56:12.299430,deepseekv3
msg_725,5,0.8682570532856104,2025-03-21T15:56:12.299522,deepseekv3
msg_726,18,0.8561211487114073,2025-03-21T15:56:12.299634,deepseekv3
msg_727,3,0.8768815544973358,2025-03-21T15:56:12.299688,deepseekv3
msg_728,12,0.9723370095442433,2025-03-21T15:56:12.299755,deepseekv3
msg_729,3,0.9674130068736461,2025-03-21T15:56:12.299805,deepseekv3
msg_730,3,0.8929269050209505,2025-03-21T15:56:12.299855,deepseekv3
msg_731,16,0.8859971171734269,2025-03-21T15:56:12.299904,deepseekv3
msg_732,15,0.9170319853402207,2025-03-21T15:56:12.299976,deepseekv3
msg_733,18,0.9780422661659,2025-03-21T15:56:12.300042,deepseekv3
msg_734,11,0.9302284422940069,2025-03-21T15:56:12.300091,deepseekv3
msg_735,12,0.950754719191647,2025-03-21T15:56:12.300140,deepseekv3
msg_736,12,0.9536596593189802,2025-03-21T15:56:12.300189,deepseekv3
msg_737,3,0.9927796851760167,2025-03-21T15:56:12.300239,deepseekv3
msg_738,3,0.8640710844085466,2025-03-21T15:56:12.300289,deepseekv3
msg_739,14,0.9909189479612283,2025-03-21T15:56:12.300360,deepseekv3
msg_740,15,0.9883295323614547,2025-03-21T15:56:12.300430,deepseekv3
msg_741,3,0.9291638333609459,2025-03-21T15:56:12.300504,deepseekv3
msg_742,3,0.9357164179127514,2025-03-21T15:56:12.300590,deepseekv3
msg_743,0,0.9131074777394721,2025-03-21T15:56:12.300676,deepseekv3
msg_744,12,0.8820303058225253,2025-03-21T15:56:12.300728,deepseekv3
msg_745,15,0.9665538930945026,2025-03-21T15:56:12.300798,deepseekv3
msg_746,17,0.8504837323026972,2025-03-21T15:56:12.300896,deepseekv3
msg_747,13,0.9853162921866058,2025-03-21T15:56:12.300972,deepseekv3
msg_748,5,0.884370382494308,2025-03-21T15:56:12.301025,deepseekv3
msg_749,10,0.9439269568862285,2025-03-21T15:56:12.301089,deepseekv3
msg_750,11,0.9265118468437529,2025-03-21T15:56:12.301139,deepseekv3
msg_751,16,0.8681981728096658,2025-03-21T15:56:12.301188,deepseekv3
msg_752,17,0.9801804968610525,2025-03-21T15:56:12.301238,deepseekv3
msg_753,8,0.9481405059355363,2025-03-21T15:56:12.301288,deepseekv3
msg_754,4,0.9092188932101617,2025-03-21T15:56:12.301337,deepseekv3
msg_755,9,0.9812084372593457,2025-03-21T15:56:12.301411,deepseekv3
msg_756,18,0.9952166839353555,2025-03-21T15:56:12.301476,deepseekv3
msg_757,4,0.9932796131165608,2025-03-21T15:56:12.301526,deepseekv3
msg_758,2,0.8892793668350368,2025-03-21T15:56:12.301575,deepseekv3
msg_759,8,0.9770946350539677,2025-03-21T15:56:12.301625,deepseekv3
msg_760,1,0.9620658644344225,2025-03-21T15:56:12.301674,deepseekv3
msg_761,6,0.8933502836232617,2025-03-21T15:56:12.301723,deepseekv3
msg_762,16,0.9944612363308438,2025-03-21T15:56:12.301772,deepseekv3
msg_763,6,0.9502178013960629,2025-03-21T15:56:12.301821,deepseekv3
msg_764,8,0.95839190367001,2025-03-21T15:56:12.301871,deepseekv3
msg_765,3,0.9562485450611984,2025-03-21T15:56:12.301922,deepseekv3
msg_766,19,0.8836899433902409,2025-03-21T15:56:12.301993,deepseekv3
msg_767,13,0.8871559606984539,2025-03-21T15:56:12.302058,deepseekv3
msg_768,4,0.9429119369983968,2025-03-21T15:56:12.302107,deepseekv3
msg_769,8,0.9556878018213681,2025-03-21T15:56:12.302178,deepseekv3
msg_770,6,0.8875946602718776,2025-03-21T15:56:12.302265,deepseekv3
msg_771,0,0.9425991035831489,2025-03-21T15:56:12.302336,deepseekv3
msg_772,10,0.9751713264773803,2025-03-21T15:56:12.302407,deepseekv3
msg_773,1,0.979134254219022,2025-03-21T15:56:12.302473,deepseekv3
msg_774,18,0.903143349920771,2025-03-21T15:56:12.302523,deepseekv3
msg_775,18,0.8598212992290064,2025-03-21T15:56:12.302593,deepseekv3
msg_776,14,0.8511679791295205,2025-03-21T15:56:12.302644,deepseekv3
msg_777,6,0.9423330688920705,2025-03-21T15:56:12.302709,deepseekv3
msg_778,3,0.8784669796661492,2025-03-21T15:56:12.302758,deepseekv3
msg_779,4,0.910508595091892,2025-03-21T15:56:12.302807,deepseekv3
msg_780,1,0.8691656272406283,2025-03-21T15:56:12.302856,deepseekv3
msg_781,15,0.9743407770764536,2025-03-21T15:56:12.302906,deepseekv3
msg_782,7,0.9008648882655999,2025-03-21T15:56:12.302955,deepseekv3
msg_783,14,0.8659365887903244,2025-03-21T15:56:12.303004,deepseekv3
msg_784,6,0.9949202020441998,2025-03-21T15:56:12.303053,deepseekv3
msg_785,7,0.9136656202187933,2025-03-21T15:56:12.303102,deepseekv3
msg_786,0,0.9020127333197205,2025-03-21T15:56:12.303151,deepseekv3
msg_787,7,0.8726507533741302,2025-03-21T15:56:12.303200,deepseekv3
msg_788,13,0.9234829117348814,2025-03-21T15:56:12.303248,deepseekv3
msg_789,17,0.8574274265654407,2025-03-21T15:56:12.303297,deepseekv3
msg_790,9,0.93685450037769,2025-03-21T15:56:12.303346,deepseekv3
msg_791,7,0.8673084399605799,2025-03-21T15:56:12.303418,deepseekv3
msg_792,1,0.9427548127928271,2025-03-21T15:56:12.303482,deepseekv3
msg_793,13,0.9062160288328296,2025-03-21T15:56:12.303533,deepseekv3
msg_794,12,0.9915859001664976,2025-03-21T15:56:12.303581,deepseekv3
msg_795,17,0.9352347019070144,2025-03-21T15:56:12.303630,deepseekv3
msg_796,14,0.9453725395906786,2025-03-21T15:56:12.303679,deepseekv3
msg_797,11,0.9506577809272719,2025-03-21T15:56:12.303728,deepseekv3
msg_798,17,0.8552441961051351,2025-03-21T15:56:12.303777,deepseekv3
msg_799,6,0.9265097619929509,2025-03-21T15:56:12.303826,deepseekv3
msg_800,5,0.9725559633861403,2025-03-21T15:56:12.304814,deepseekv3
msg_801,18,0.9128433611945638,2025-03-21T15:56:12.304881,deepseekv3
msg_802,17,0.8924170988015775,2025-03-21T15:56:12.304940,deepseekv3
msg_803,3,0.9955788619377638,2025-03-21T15:56:12.304996,deepseekv3
msg_804,16,0.9943772988067966,2025-03-21T15:56:12.305051,deepseekv3
msg_805,2,0.9902817855524524,2025-03-21T15:56:12.305103,deepseekv3
msg_806,17,0.9257346660285883,2025-03-21T15:56:12.305155,deepseekv3
msg_807,8,0.9806757170051156,2025-03-21T15:56:12.305206,deepseekv3
msg_808,16,0.9327989863146944,2025-03-21T15:56:12.305257,deepseekv3
msg_809,5,0.9055321005946873,2025-03-21T15:56:12.305308,deepseekv3
msg_810,0,0.8762887730275144,2025-03-21T15:56:12.305358,deepseekv3
msg_811,1,0.8896528116913814,2025-03-21T15:56:12.305412,deepseekv3
msg_812,16,0.9563798784501576,2025-03-21T15:56:12.305463,deepseekv3
msg_813,14,0.9806166836887606,2025-03-21T15:56:12.305514,deepseekv3
msg_814,1,0.9716021917897898,2025-03-21T15:56:12.305565,deepseekv3
msg_815,7,0.9450451208749024,2025-03-21T15:56:12.305616,deepseekv3
msg_816,7,0.8594545084580304,2025-03-21T15:56:12.305666,deepseekv3
msg_817,1,0.946798211485059,2025-03-21T15:56:12.305718,deepseekv3
msg_818,0,0.8973292908980472,2025-03-21T15:56:12.305769,deepseekv3
msg_819,4,0.8809502458392063,2025-03-21T15:56:12.305819,deepseekv3
msg_820,15,0.9861420147346951,2025-03-21T15:56:12.305870,deepseekv3
msg_821,13,0.9403872521379252,2025-03-21T15:56:12.305921,deepseekv3
msg_822,10,0.869069778588054,2025-03-21T15:56:12.305971,deepseekv3
msg_823,14,0.9204145405190179,2025-03-21T15:56:12.306022,deepseekv3
msg_824,0,0.9392989277806542,2025-03-21T15:56:12.306073,deepseekv3
msg_825,0,0.988070482267626,2025-03-21T15:56:12.306123,deepseekv3
msg_826,2,0.9615781377231956,2025-03-21T15:56:12.306209,deepseekv3
msg_827,2,0.9360981277182461,2025-03-21T15:56:12.306295,deepseekv3
msg_828,14,0.9253962995628785,2025-03-21T15:56:12.306346,deepseekv3
msg_829,13,0.9278396069474559,2025-03-21T15:56:12.306399,deepseekv3
msg_830,12,0.8572176605236509,2025-03-21T15:56:12.306450,deepseekv3
msg_831,11,0.8680903854385495,2025-03-21T15:56:12.306501,deepseekv3
msg_832,16,0.8611593949948103,2025-03-21T15:56:12.306552,deepseekv3
msg_833,1,0.8929265878198298,2025-03-21T15:56:12.306604,deepseekv3
msg_834,13,0.8564429858815472,2025-03-21T15:56:12.306655,deepseekv3
msg_835,0,0.8888860568992727,2025-03-21T15:56:12.306706,deepseekv3
msg_836,0,0.8564692154692868,2025-03-21T15:56:12.306758,deepseekv3
msg_837,14,0.9461157569952688,2025-03-21T15:56:12.306808,deepseekv3
msg_838,19,0.9060866082878687,2025-03-21T15:56:12.306858,deepseekv3
msg_839,19,0.970233551133328,2025-03-21T15:56:12.306909,deepseekv3
msg_840,11,0.9561731685022433,2025-03-21T15:56:12.306960,deepseekv3
msg_841,0,0.8768591199334909,2025-03-21T15:56:12.307010,deepseekv3
msg_842,18,0.8674770921904305,2025-03-21T15:56:12.307061,deepseekv3
msg_843,18,0.9536696243168681,2025-03-21T15:56:12.307111,deepseekv3
msg_844,8,0.9188512138214586,2025-03-21T15:56:12.307161,deepseekv3
msg_845,1,0.9698121340518666,2025-03-21T15:56:12.307211,deepseekv3
msg_846,13,0.8675045251239635,2025-03-21T15:56:12.307261,deepseekv3
msg_847,18,0.8734421596336581,2025-03-21T15:56:12.307311,deepseekv3
msg_848,7,0.9173124174424941,2025-03-21T15:56:12.307361,deepseekv3
msg_849,7,0.9822035461864984,2025-03-21T15:56:12.307414,deepseekv3
msg_850,10,0.9963236205997058,2025-03-21T15:56:12.307464,deepseekv3
msg_851,1,0.9147573259155669,2025-03-21T15:56:12.307513,deepseekv3
msg_852,5,0.948309345859375,2025-03-21T15:56:12.307563,deepseekv3
msg_853,9,0.9374768517239742,2025-03-21T15:56:12.307613,deepseekv3
msg_854,0,0.9244872775034914,2025-03-21T15:56:12.307663,deepseekv3
msg_855,1,0.8945267567771131,2025-03-21T15:56:12.307713,deepseekv3
msg_856,8,0.9137925279321666,2025-03-21T15:56:12.307763,deepseekv3
msg_857,11,0.8570267133488464,2025-03-21T15:56:12.307812,deepseekv3
msg_858,2,0.9103968269191761,2025-03-21T15:56:12.307862,deepseekv3
msg_859,12,0.9615009560495831,2025-03-21T15:56:12.307912,deepseekv3
msg_860,5,0.9269201528376905,2025-03-21T15:56:12.307962,deepseekv3
msg_861,16,0.8913866586749289,2025-03-21T15:56:12.308012,deepseekv3
msg_862,18,0.9533087181328285,2025-03-21T15:56:12.308063,deepseekv3
msg_863,17,0.9719243539316225,2025-03-21T15:56:12.308114,deepseekv3
msg_864,12,0.8986866190754269,2025-03-21T15:56:12.308165,deepseekv3
msg_865,4,0.9953408533643398,2025-03-21T15:56:12.308216,deepseekv3
msg_866,4,0.8757991670483477,2025-03-21T15:56:12.308266,deepseekv3
msg_867,19,0.8836083156133153,2025-03-21T15:56:12.308316,deepseekv3
msg_868,19,0.9216787444844293,2025-03-21T15:56:12.308367,deepseekv3
msg_869,5,0.9328431704297496,2025-03-21T15:56:12.308419,deepseekv3
msg_870,19,0.9925901663543832,2025-03-21T15:56:12.308469,deepseekv3
msg_871,10,0.9722906829848804,2025-03-21T15:56:12.308519,deepseekv3
msg_872,11,0.9381810984374096,2025-03-21T15:56:12.308570,deepseekv3
msg_873,17,0.9571610543075973,2025-03-21T15:56:12.308619,deepseekv3
msg_874,4,0.9356186610380279,2025-03-21T15:56:12.308669,deepseekv3
msg_875,1,0.9634015607971342,2025-03-21T15:56:12.308720,deepseekv3
msg_876,4,0.9535120567788747,2025-03-21T15:56:12.308770,deepseekv3
msg_877,2,0.9164365843636794,2025-03-21T15:56:12.308821,deepseekv3
msg_878,0,0.866129938071235,2025-03-21T15:56:12.308872,deepseekv3
msg_879,0,0.9586983817965482,2025-03-21T15:56:12.308922,deepseekv3
msg_880,16,0.8991832543090501,2025-03-21T15:56:12.308972,deepseekv3
msg_881,18,0.9892517127892362,2025-03-21T15:56:12.309022,deepseekv3
msg_882,16,0.9574252253771024,2025-03-21T15:56:12.309072,deepseekv3
msg_883,16,0.9712374048058481,2025-03-21T15:56:12.309121,deepseekv3
msg_884,14,0.9498768019831281,2025-03-21T15:56:12.309171,deepseekv3
msg_885,4,0.9537002209206477,2025-03-21T15:56:12.309223,deepseekv3
msg_886,5,0.8590193727029195,2025-03-21T15:56:12.309273,deepseekv3
msg_887,5,0.8682862165220904,2025-03-21T15:56:12.309323,deepseekv3
msg_888,0,0.9671939896186775,2025-03-21T15:56:12.309374,deepseekv3
msg_889,2,0.892655614462206,2025-03-21T15:56:12.309427,deepseekv3
msg_890,9,0.8673796718128631,2025-03-21T15:56:12.309478,deepseekv3
msg_891,11,0.861523820602916,2025-03-21T15:56:12.309529,deepseekv3
msg_892,18,0.998746959268411,2025-03-21T15:56:12.309580,deepseekv3
msg_893,15,0.8909535376706987,2025-03-21T15:56:12.309631,deepseekv3
msg_894,15,0.8714505915436406,2025-03-21T15:56:12.309681,deepseekv3
msg_895,7,0.9025883547914276,2025-03-21T15:56:12.309731,deepseekv3
msg_896,18,0.9190699748297583,2025-03-21T15:56:12.309781,deepseekv3
msg_897,13,0.9460658304324698,2025-03-21T15:56:12.309831,deepseekv3
msg_898,9,0.8616081838822516,2025-03-21T15:56:12.309881,deepseekv3
msg_899,4,0.8665132082108521,2025-03-21T15:56:12.309932,deepseekv3
msg_900,10,0.9477953408544165,2025-03-21T15:56:12.310753,deepseekv3
msg_901,11,0.8905081767824979,2025-03-21T15:56:12.310819,deepseekv3
msg_902,4,0.8806342030715582,2025-03-21T15:56:12.310877,deepseekv3
msg_903,10,0.9450822339881948,2025-03-21T15:56:12.310933,deepseekv3
msg_904,11,0.9892085969188695,2025-03-21T15:56:12.310986,deepseekv3
msg_905,15,0.9883297091037151,2025-03-21T15:56:12.311038,deepseekv3
msg_906,1,0.8777998608614692,2025-03-21T15:56:12.311091,deepseekv3
msg_907,18,0.890254714309445,2025-03-21T15:56:12.311141,deepseekv3
msg_908,0,0.869108481398892,2025-03-21T15:56:12.311192,deepseekv3
msg_909,10,0.9379016907950684,2025-03-21T15:56:12.311244,deepseekv3
msg_910,15,0.978429963777127,2025-03-21T15:56:12.311294,deepseekv3
msg_911,2,0.8743498445580886,2025-03-21T15:56:12.311345,deepseekv3
msg_912,17,0.8522731381940645,2025-03-21T15:56:12.311398,deepseekv3
msg_913,19,0.9751006206274195,2025-03-21T15:56:12.311448,deepseekv3
msg_914,10,0.9546416353328097,2025-03-21T15:56:12.311499,deepseekv3
msg_915,16,0.969105079522758,2025-03-21T15:56:12.311549,deepseekv3
msg_916,7,0.8515114831203903,2025-03-21T15:56:12.311600,deepseekv3
msg_917,7,0.9090572499764619,2025-03-21T15:56:12.311650,deepseekv3
msg_918,19,0.8883669935402032,2025-03-21T15:56:12.311701,deepseekv3
msg_919,5,0.9584416529057084,2025-03-21T15:56:12.311752,deepseekv3
msg_920,11,0.940895999659407,2025-03-21T15:56:12.311803,deepseekv3
msg_921,0,0.8773516856319293,2025-03-21T15:56:12.311853,deepseekv3
msg_922,4,0.9298702045151576,2025-03-21T15:56:12.311904,deepseekv3
msg_923,12,0.9619894423680693,2025-03-21T15:56:12.311954,deepseekv3
msg_924,19,0.9029376399701161,2025-03-21T15:56:12.312004,deepseekv3
msg_925,9,0.8915937951915334,2025-03-21T15:56:12.312055,deepseekv3
msg_926,8,0.850802531051662,2025-03-21T15:56:12.312105,deepseekv3
msg_927,13,0.9207691060659572,2025-03-21T15:56:12.312156,deepseekv3
msg_928,12,0.9493806320244781,2025-03-21T15:56:12.312206,deepseekv3
msg_929,4,0.9013809006182462,2025-03-21T15:56:12.312256,deepseekv3
msg_930,1,0.9441991057906605,2025-03-21T15:56:12.312306,deepseekv3
msg_931,17,0.8883060263060545,2025-03-21T15:56:12.312356,deepseekv3
msg_932,3,0.8846734567921474,2025-03-21T15:56:12.312408,deepseekv3
msg_933,12,0.9865585250773339,2025-03-21T15:56:12.312459,deepseekv3
msg_934,17,0.9919033821105989,2025-03-21T15:56:12.312508,deepseekv3
msg_935,1,0.8576450721270719,2025-03-21T15:56:12.312558,deepseekv3
msg_936,15,0.9043895030315385,2025-03-21T15:56:12.312609,deepseekv3
msg_937,17,0.8855077680466535,2025-03-21T15:56:12.312660,deepseekv3
msg_938,5,0.9980339620793388,2025-03-21T15:56:12.312709,deepseekv3
msg_939,7,0.9049729674812905,2025-03-21T15:56:12.312759,deepseekv3
msg_940,15,0.8968890410619443,2025-03-21T15:56:12.312809,deepseekv3
msg_941,5,0.9178192954601943,2025-03-21T15:56:12.312859,deepseekv3
msg_942,19,0.9939219442016389,2025-03-21T15:56:12.312909,deepseekv3
msg_943,2,0.905043138263225,2025-03-21T15:56:12.312961,deepseekv3
msg_944,0,0.9229659711671317,2025-03-21T15:56:12.313011,deepseekv3
msg_945,9,0.9667558517009903,2025-03-21T15:56:12.313061,deepseekv3
msg_946,2,0.9057022032653843,2025-03-21T15:56:12.313111,deepseekv3
msg_947,15,0.9963704783084026,2025-03-21T15:56:12.313161,deepseekv3
msg_948,9,0.993468685831885,2025-03-21T15:56:12.313211,deepseekv3
msg_949,0,0.9712004900147857,2025-03-21T15:56:12.313261,deepseekv3
msg_950,14,0.9433469496483529,2025-03-21T15:56:12.313311,deepseekv3
msg_951,2,0.889339293360466,2025-03-21T15:56:12.313361,deepseekv3
msg_952,1,0.8883169912099818,2025-03-21T15:56:12.313414,deepseekv3
msg_953,5,0.8894777883671615,2025-03-21T15:56:12.313465,deepseekv3
msg_954,13,0.8827621446836533,2025-03-21T15:56:12.313515,deepseekv3
msg_955,14,0.9090571371608438,2025-03-21T15:56:12.313567,deepseekv3
msg_956,7,0.9587176980949369,2025-03-21T15:56:12.313618,deepseekv3
msg_957,8,0.9863042899054959,2025-03-21T15:56:12.313668,deepseekv3
msg_958,15,0.9853625730025026,2025-03-21T15:56:12.313719,deepseekv3
msg_959,7,0.9833557644251556,2025-03-21T15:56:12.313769,deepseekv3
msg_960,6,0.9860340432050663,2025-03-21T15:56:12.313834,deepseekv3
msg_961,16,0.9909249025983287,2025-03-21T15:56:12.313883,deepseekv3
msg_962,14,0.9209443537604155,2025-03-21T15:56:12.313954,deepseekv3
msg_963,5,0.9912875386822704,2025-03-21T15:56:12.314041,deepseekv3
msg_964,15,0.9844766172693659,2025-03-21T15:56:12.314128,deepseekv3
msg_965,15,0.8749269035373975,2025-03-21T15:56:12.314195,deepseekv3
msg_966,4,0.8585275647229126,2025-03-21T15:56:12.314268,deepseekv3
msg_967,13,0.8635004952649684,2025-03-21T15:56:12.314353,deepseekv3
msg_968,10,0.8883731232207185,2025-03-21T15:56:12.314449,deepseekv3
msg_969,18,0.9839030099403,2025-03-21T15:56:12.314515,deepseekv3
msg_970,15,0.9706217079383912,2025-03-21T15:56:12.314564,deepseekv3
msg_971,2,0.9351986784637276,2025-03-21T15:56:12.314614,deepseekv3
msg_972,14,0.9535061587325989,2025-03-21T15:56:12.314686,deepseekv3
msg_973,11,0.8796062343826454,2025-03-21T15:56:12.314751,deepseekv3
msg_974,18,0.9935462315870964,2025-03-21T15:56:12.314800,deepseekv3
msg_975,3,0.9988835163143736,2025-03-21T15:56:12.314850,deepseekv3
msg_976,6,0.8662608732774251,2025-03-21T15:56:12.314920,deepseekv3
msg_977,4,0.9023161677220249,2025-03-21T15:56:12.314985,deepseekv3
msg_978,19,0.8839803350538609,2025-03-21T15:56:12.315035,deepseekv3
msg_979,14,0.9710162850750064,2025-03-21T15:56:12.315084,deepseekv3
msg_980,15,0.9118448753819085,2025-03-21T15:56:12.315134,deepseekv3
msg_981,12,0.8602134128103051,2025-03-21T15:56:12.315183,deepseekv3
msg_982,17,0.9903244891326538,2025-03-21T15:56:12.315232,deepseekv3
msg_983,15,0.8578929388115499,2025-03-21T15:56:12.315281,deepseekv3
msg_984,14,0.8779911001077669,2025-03-21T15:56:12.315330,deepseekv3
msg_985,1,0.9409936639655723,2025-03-21T15:56:12.315381,deepseekv3
msg_986,5,0.9586358333884236,2025-03-21T15:56:12.315468,deepseekv3
msg_987,17,0.8844618276949829,2025-03-21T15:56:12.315550,deepseekv3
msg_988,2,0.922688630431817,2025-03-21T15:56:12.315628,deepseekv3
msg_989,11,0.9591002586807746,2025-03-21T15:56:12.315719,deepseekv3
msg_990,6,0.8761236314835531,2025-03-21T15:56:12.315809,deepseekv3
msg_991,7,0.9614030341713823,2025-03-21T15:56:12.315904,deepseekv3
msg_992,18,0.9872437122311527,2025-03-21T15:56:12.315964,deepseekv3
msg_993,8,0.994926975340589,2025-03-21T15:56:12.316076,deepseekv3
msg_994,2,0.9795658408006134,2025-03-21T15:56:12.316133,deepseekv3
msg_995,9,0.9404692377438548,2025-03-21T15:56:12.316185,deepseekv3
msg_996,1,0.9718702659559082,2025-03-21T15:56:12.316237,deepseekv3
msg_997,19,0.8998340796043776,2025-03-21T15:56:12.316288,deepseekv3
msg_998,10,0.9290209730363285,2025-03-21T15:56:12.316340,deepseekv3
msg_999,8,0.9116674078253872,2025-03-21T15:56:12.316393,deepseekv3
